-- Adminer 4.7.0 MySQL dump

SET NAMES utf8;
SET time_zone = '+00:00';
SET foreign_key_checks = 0;
SET sql_mode = 'NO_AUTO_VALUE_ON_ZERO';

SET NAMES utf8mb4;

DROP TABLE IF EXISTS `migrations`;
CREATE TABLE `migrations` (
  `id` int(10) unsigned NOT NULL AUTO_INCREMENT,
  `migration` varchar(191) COLLATE utf8mb4_unicode_ci NOT NULL,
  `batch` int(11) NOT NULL,
  PRIMARY KEY (`id`)
) ENGINE=InnoDB DEFAULT CHARSET=utf8mb4 COLLATE=utf8mb4_unicode_ci;

INSERT INTO `migrations` (`id`, `migration`, `batch`) VALUES
(1,	'2014_10_12_000000_create_users_table',	1),
(2,	'2014_10_12_100000_create_password_resets_table',	1),
(3,	'2019_07_16_034504_create_posts_table',	1);

DROP TABLE IF EXISTS `password_resets`;
CREATE TABLE `password_resets` (
  `email` varchar(191) COLLATE utf8mb4_unicode_ci NOT NULL,
  `token` varchar(191) COLLATE utf8mb4_unicode_ci NOT NULL,
  `created_at` timestamp NULL DEFAULT NULL,
  KEY `password_resets_email_index` (`email`)
) ENGINE=InnoDB DEFAULT CHARSET=utf8mb4 COLLATE=utf8mb4_unicode_ci;


DROP TABLE IF EXISTS `posts`;
CREATE TABLE `posts` (
  `id` bigint(20) unsigned NOT NULL AUTO_INCREMENT,
  `created_at` timestamp NULL DEFAULT NULL,
  `updated_at` timestamp NULL DEFAULT NULL,
  `title` varchar(191) COLLATE utf8mb4_unicode_ci NOT NULL,
  `content` text COLLATE utf8mb4_unicode_ci NOT NULL,
  `photo` text COLLATE utf8mb4_unicode_ci NOT NULL,
  `user_id` bigint(20) unsigned NOT NULL,
  PRIMARY KEY (`id`),
  KEY `posts_user_id_foreign` (`user_id`),
  CONSTRAINT `posts_user_id_foreign` FOREIGN KEY (`user_id`) REFERENCES `users` (`id`) ON DELETE CASCADE
) ENGINE=InnoDB DEFAULT CHARSET=utf8mb4 COLLATE=utf8mb4_unicode_ci;

INSERT INTO `posts` (`id`, `created_at`, `updated_at`, `title`, `content`, `photo`, `user_id`) VALUES
(201,	'2019-07-16 03:36:13',	'2019-07-16 03:36:13',	'Laboriosam nemo a omnis sint.',	'Velit consequatur magnam facilis iure ut sed. Dolorem voluptatum suscipit est ut aut laudantium. Aliquam ducimus ad et aliquid nemo voluptas. Deleniti ea sunt velit provident et voluptas. Quo fuga aut dolorem animi ex nesciunt provident. Rerum consectetur in qui doloremque quia aut quis.',	'a:16:{i:0;s:17:\"3d_kartinki26.jpg\";i:1;s:17:\"3d_kartinki21.jpg\";i:2;s:12:\"3dwall46.jpg\";i:3;s:17:\"3d_kartinki02.jpg\";i:4;s:12:\"3dwall55.JPG\";i:5;s:12:\"3dwall10.JPG\";i:6;s:12:\"3dwall19.jpg\";i:7;s:17:\"3d_kartinki19.jpg\";i:8;s:17:\"3d_kartinki31.jpg\";i:9;s:17:\"3d_kartinki15.jpg\";i:10;s:12:\"3dwall18.jpg\";i:11;s:17:\"3d_kartinki40.jpg\";i:12;s:17:\"3d_kartinki32.jpg\";i:13;s:12:\"3dwall23.jpg\";i:14;s:12:\"3dwall60.jpg\";i:15;s:12:\"3dwall37.jpg\";}',	26),
(202,	'2019-07-16 03:36:13',	'2019-07-16 03:36:13',	'Expedita possimus animi a ad molestias ea.',	'Reprehenderit aliquam officia molestiae deleniti sit autem. Corrupti occaecati exercitationem quis ratione illo et. Deleniti accusantium quo ratione quidem cum. Facere aut ipsum labore error.',	'a:37:{i:0;s:12:\"3dwall29.jpg\";i:1;s:12:\"3dwall52.jpg\";i:2;s:17:\"3d_kartinki10.jpg\";i:3;s:12:\"3dwall25.jpg\";i:4;s:12:\"3dwall28.jpg\";i:5;s:12:\"3dwall23.jpg\";i:6;s:12:\"3dwall47.jpg\";i:7;s:12:\"3dwall42.jpg\";i:8;s:17:\"3d_kartinki27.jpg\";i:9;s:12:\"3dwall66.jpg\";i:10;s:12:\"3dwall31.jpg\";i:11;s:17:\"3d_kartinki13.jpg\";i:12;s:17:\"3d_kartinki38.jpg\";i:13;s:12:\"3dwall22.jpg\";i:14;s:17:\"3d_kartinki06.jpg\";i:15;s:12:\"3dwall01.jpg\";i:16;s:12:\"3dwall20.jpg\";i:17;s:12:\"3dwall15.JPG\";i:18;s:12:\"3dwall65.jpg\";i:19;s:17:\"3d_kartinki24.jpg\";i:20;s:12:\"3dwall24.jpg\";i:21;s:17:\"3d_kartinki09.jpg\";i:22;s:17:\"3d_kartinki16.jpg\";i:23;s:17:\"3d_kartinki05.jpg\";i:24;s:12:\"3dwall36.jpg\";i:25;s:12:\"3dwall32.jpg\";i:26;s:17:\"3d_kartinki40.jpg\";i:27;s:17:\"3d_kartinki32.jpg\";i:28;s:12:\"3dwall14.JPG\";i:29;s:12:\"3dwall39.jpg\";i:30;s:12:\"3dwall33.jpg\";i:31;s:17:\"3d_kartinki23.jpg\";i:32;s:12:\"3dwall13.JPG\";i:33;s:12:\"3dwall04.jpg\";i:34;s:12:\"3dwall17.JPG\";i:35;s:12:\"3dwall07.JPG\";i:36;s:17:\"3d_kartinki01.jpg\";}',	26),
(203,	'2019-07-16 03:36:13',	'2019-07-16 03:36:13',	'Nulla labore sint exercitationem.',	'Sed iste quo dolor officia non aut et. Ipsa earum quia ab placeat qui qui. Laboriosam omnis ipsum sed ea consequuntur laborum. Pariatur est unde qui velit ut.',	'a:21:{i:0;s:17:\"3d_kartinki10.jpg\";i:1;s:17:\"3d_kartinki36.jpg\";i:2;s:12:\"3dwall37.jpg\";i:3;s:12:\"3dwall02.jpg\";i:4;s:17:\"3d_kartinki22.jpg\";i:5;s:12:\"3dwall32.jpg\";i:6;s:12:\"3dwall47.jpg\";i:7;s:12:\"3dwall29.jpg\";i:8;s:12:\"3dwall43.jpg\";i:9;s:12:\"3dwall56.jpg\";i:10;s:12:\"3dwall19.jpg\";i:11;s:17:\"3d_kartinki39.jpg\";i:12;s:12:\"3dwall13.JPG\";i:13;s:12:\"3dwall66.jpg\";i:14;s:12:\"3dwall07.JPG\";i:15;s:12:\"3dwall60.jpg\";i:16;s:17:\"3d_kartinki37.jpg\";i:17;s:12:\"3dwall15.JPG\";i:18;s:17:\"3d_kartinki19.jpg\";i:19;s:12:\"3dwall49.jpg\";i:20;s:12:\"3dwall51.jpg\";}',	26),
(204,	'2019-07-16 03:36:13',	'2019-07-16 03:36:13',	'Saepe optio aut et consequatur.',	'Repellendus eius laudantium fugiat vero ex aperiam. Nesciunt similique corporis neque alias porro fuga. Tempore maxime harum praesentium ducimus est voluptatibus ducimus sequi.',	'a:19:{i:0;s:12:\"3dwall37.jpg\";i:1;s:17:\"3d_kartinki37.jpg\";i:2;s:12:\"3dwall47.jpg\";i:3;s:17:\"3d_kartinki19.jpg\";i:4;s:17:\"3d_kartinki29.jpg\";i:5;s:12:\"3dwall31.jpg\";i:6;s:17:\"3d_kartinki09.jpg\";i:7;s:17:\"3d_kartinki06.jpg\";i:8;s:12:\"3dwall02.jpg\";i:9;s:17:\"3d_kartinki20.jpg\";i:10;s:12:\"3dwall10.JPG\";i:11;s:12:\"3dwall27.jpg\";i:12;s:12:\"3dwall33.jpg\";i:13;s:17:\"3d_kartinki25.jpg\";i:14;s:17:\"3d_kartinki21.jpg\";i:15;s:12:\"3dwall57.jpg\";i:16;s:12:\"3dwall35.jpg\";i:17;s:12:\"3dwall07.JPG\";i:18;s:12:\"3dwall42.jpg\";}',	26),
(205,	'2019-07-16 03:36:13',	'2019-07-16 03:36:13',	'Iste non sit reiciendis.',	'Dignissimos laboriosam in occaecati architecto. Vel ut rerum rerum quis sunt voluptas quo. Nemo eligendi recusandae a aut. Illum aliquid unde voluptas. Omnis fugiat ducimus quia aut quia non optio.',	'a:28:{i:0;s:12:\"3dwall50.jpg\";i:1;s:12:\"3dwall52.jpg\";i:2;s:17:\"3d_kartinki07.jpg\";i:3;s:12:\"3dwall05.jpg\";i:4;s:12:\"3dwall29.jpg\";i:5;s:12:\"3dwall18.jpg\";i:6;s:12:\"3dwall54.jpg\";i:7;s:12:\"3dwall07.JPG\";i:8;s:12:\"3dwall37.jpg\";i:9;s:12:\"3dwall01.jpg\";i:10;s:17:\"3d_kartinki24.jpg\";i:11;s:17:\"3d_kartinki17.jpg\";i:12;s:12:\"3dwall15.JPG\";i:13;s:17:\"3d_kartinki23.jpg\";i:14;s:12:\"3dwall34.jpg\";i:15;s:12:\"3dwall31.jpg\";i:16;s:12:\"3dwall36.jpg\";i:17;s:12:\"3dwall22.jpg\";i:18;s:17:\"3d_kartinki13.jpg\";i:19;s:17:\"3d_kartinki19.jpg\";i:20;s:12:\"3dwall40.jpg\";i:21;s:12:\"3dwall62.jpg\";i:22;s:17:\"3d_kartinki18.jpg\";i:23;s:12:\"3dwall66.jpg\";i:24;s:12:\"3dwall08.JPG\";i:25;s:12:\"3dwall04.jpg\";i:26;s:17:\"3d_kartinki37.jpg\";i:27;s:12:\"3dwall57.jpg\";}',	26),
(206,	'2019-07-16 03:36:13',	'2019-07-16 03:36:13',	'Ullam recusandae dolorem ratione occaecati.',	'Et exercitationem accusantium consequuntur. Delectus eveniet quia qui sed debitis atque. Necessitatibus enim quaerat et. Ut velit perferendis illum enim.',	'a:42:{i:0;s:12:\"3dwall42.jpg\";i:1;s:12:\"3dwall33.jpg\";i:2;s:12:\"3dwall55.JPG\";i:3;s:12:\"3dwall47.jpg\";i:4;s:12:\"3dwall12.JPG\";i:5;s:17:\"3d_kartinki18.jpg\";i:6;s:12:\"3dwall66.jpg\";i:7;s:12:\"3dwall05.jpg\";i:8;s:17:\"3d_kartinki38.jpg\";i:9;s:17:\"3d_kartinki30.jpg\";i:10;s:17:\"3d_kartinki03.jpg\";i:11;s:17:\"3d_kartinki37.jpg\";i:12;s:17:\"3d_kartinki06.jpg\";i:13;s:17:\"3d_kartinki21.jpg\";i:14;s:12:\"3dwall01.jpg\";i:15;s:17:\"3d_kartinki22.jpg\";i:16;s:12:\"3dwall23.jpg\";i:17;s:17:\"3d_kartinki10.jpg\";i:18;s:17:\"3d_kartinki15.jpg\";i:19;s:12:\"3dwall32.jpg\";i:20;s:12:\"3dwall06.jpg\";i:21;s:17:\"3d_kartinki05.jpg\";i:22;s:12:\"3dwall46.jpg\";i:23;s:12:\"3dwall64.jpg\";i:24;s:17:\"3d_kartinki02.jpg\";i:25;s:12:\"3dwall13.JPG\";i:26;s:12:\"3dwall04.jpg\";i:27;s:17:\"3d_kartinki20.jpg\";i:28;s:12:\"3dwall21.jpg\";i:29;s:17:\"3d_kartinki12.jpg\";i:30;s:17:\"3d_kartinki28.jpg\";i:31;s:12:\"3dwall10.JPG\";i:32;s:17:\"3d_kartinki32.jpg\";i:33;s:17:\"3d_kartinki09.jpg\";i:34;s:12:\"3dwall37.jpg\";i:35;s:12:\"3dwall44.jpg\";i:36;s:12:\"3dwall11.JPG\";i:37;s:12:\"3dwall35.jpg\";i:38;s:12:\"3dwall29.jpg\";i:39;s:17:\"3d_kartinki13.jpg\";i:40;s:17:\"3d_kartinki17.jpg\";i:41;s:12:\"3dwall52.jpg\";}',	26),
(207,	'2019-07-16 03:36:13',	'2019-07-16 03:36:13',	'Omnis ratione fugit quo dolorum esse.',	'Ut quis nihil dolor. Ab sunt qui nam ducimus nostrum. Quia commodi eum id voluptas quibusdam distinctio. Eum in natus occaecati aut quae consequatur molestiae corporis. Dolor et id nemo rerum quae non tempora. Omnis esse aliquid magnam minima. Et ipsum nulla qui autem soluta nesciunt molestias.',	'a:47:{i:0;s:17:\"3d_kartinki27.jpg\";i:1;s:12:\"3dwall62.jpg\";i:2;s:12:\"3dwall07.JPG\";i:3;s:12:\"3dwall12.JPG\";i:4;s:12:\"3dwall15.JPG\";i:5;s:12:\"3dwall58.jpg\";i:6;s:17:\"3d_kartinki05.jpg\";i:7;s:12:\"3dwall17.JPG\";i:8;s:12:\"3dwall52.jpg\";i:9;s:12:\"3dwall02.jpg\";i:10;s:17:\"3d_kartinki22.jpg\";i:11;s:12:\"3dwall65.jpg\";i:12;s:17:\"3d_kartinki23.jpg\";i:13;s:12:\"3dwall03.jpg\";i:14;s:17:\"3d_kartinki32.jpg\";i:15;s:12:\"3dwall47.jpg\";i:16;s:12:\"3dwall44.jpg\";i:17;s:17:\"3d_kartinki13.jpg\";i:18;s:12:\"3dwall54.jpg\";i:19;s:12:\"3dwall34.jpg\";i:20;s:12:\"3dwall46.jpg\";i:21;s:12:\"3dwall11.JPG\";i:22;s:12:\"3dwall35.jpg\";i:23;s:12:\"3dwall49.jpg\";i:24;s:12:\"3dwall38.jpg\";i:25;s:12:\"3dwall59.jpg\";i:26;s:12:\"3dwall36.jpg\";i:27;s:12:\"3dwall53.jpg\";i:28;s:17:\"3d_kartinki40.jpg\";i:29;s:17:\"3d_kartinki24.jpg\";i:30;s:17:\"3d_kartinki06.jpg\";i:31;s:12:\"3dwall10.JPG\";i:32;s:17:\"3d_kartinki20.jpg\";i:33;s:12:\"3dwall31.jpg\";i:34;s:17:\"3d_kartinki19.jpg\";i:35;s:17:\"3d_kartinki34.jpg\";i:36;s:17:\"3d_kartinki35.jpg\";i:37;s:12:\"3dwall29.jpg\";i:38;s:17:\"3d_kartinki15.jpg\";i:39;s:12:\"3dwall55.JPG\";i:40;s:12:\"3dwall25.jpg\";i:41;s:12:\"3dwall56.jpg\";i:42;s:12:\"3dwall50.jpg\";i:43;s:17:\"3d_kartinki09.jpg\";i:44;s:12:\"3dwall13.JPG\";i:45;s:12:\"3dwall16.JPG\";i:46;s:12:\"3dwall14.JPG\";}',	26),
(208,	'2019-07-16 03:36:13',	'2019-07-16 03:36:13',	'Sed adipisci nobis similique maiores minima.',	'Aut blanditiis et quisquam modi optio. Ut dicta perferendis eos velit autem aut. Mollitia consequatur maiores officia facilis aspernatur. Facilis deleniti id aspernatur assumenda quis quas.',	'a:50:{i:0;s:17:\"3d_kartinki21.jpg\";i:1;s:12:\"3dwall15.JPG\";i:2;s:17:\"3d_kartinki36.jpg\";i:3;s:12:\"3dwall65.jpg\";i:4;s:12:\"3dwall02.jpg\";i:5;s:12:\"3dwall04.jpg\";i:6;s:12:\"3dwall38.jpg\";i:7;s:12:\"3dwall31.jpg\";i:8;s:17:\"3d_kartinki11.jpg\";i:9;s:17:\"3d_kartinki14.jpg\";i:10;s:12:\"3dwall59.jpg\";i:11;s:12:\"3dwall10.JPG\";i:12;s:17:\"3d_kartinki27.jpg\";i:13;s:12:\"3dwall33.jpg\";i:14;s:17:\"3d_kartinki31.jpg\";i:15;s:17:\"3d_kartinki12.jpg\";i:16;s:12:\"3dwall54.jpg\";i:17;s:12:\"3dwall17.JPG\";i:18;s:17:\"3d_kartinki26.jpg\";i:19;s:17:\"3d_kartinki17.jpg\";i:20;s:12:\"3dwall52.jpg\";i:21;s:12:\"3dwall49.jpg\";i:22;s:12:\"3dwall60.jpg\";i:23;s:12:\"3dwall39.jpg\";i:24;s:12:\"3dwall19.jpg\";i:25;s:12:\"3dwall03.jpg\";i:26;s:12:\"3dwall37.jpg\";i:27;s:17:\"3d_kartinki40.jpg\";i:28;s:17:\"3d_kartinki13.jpg\";i:29;s:12:\"3dwall43.jpg\";i:30;s:12:\"3dwall13.JPG\";i:31;s:12:\"3dwall46.jpg\";i:32;s:17:\"3d_kartinki24.jpg\";i:33;s:17:\"3d_kartinki38.jpg\";i:34;s:17:\"3d_kartinki25.jpg\";i:35;s:17:\"3d_kartinki33.jpg\";i:36;s:17:\"3d_kartinki37.jpg\";i:37;s:17:\"3d_kartinki15.jpg\";i:38;s:17:\"3d_kartinki02.jpg\";i:39;s:12:\"3dwall12.JPG\";i:40;s:12:\"3dwall24.jpg\";i:41;s:12:\"3dwall28.jpg\";i:42;s:12:\"3dwall48.jpg\";i:43;s:12:\"3dwall06.jpg\";i:44;s:12:\"3dwall21.jpg\";i:45;s:17:\"3d_kartinki07.jpg\";i:46;s:12:\"3dwall32.jpg\";i:47;s:12:\"3dwall64.jpg\";i:48;s:12:\"3dwall22.jpg\";i:49;s:12:\"3dwall36.jpg\";}',	26),
(209,	'2019-07-16 03:36:14',	'2019-07-16 03:36:14',	'Ab cum eius nemo.',	'Et recusandae consequuntur ut neque reiciendis mollitia earum. Et eum sunt temporibus animi nobis et ipsa aliquid. Animi sunt aut ut ut et doloribus. Asperiores et sint corporis sint numquam tenetur qui.',	'a:4:{i:0;s:17:\"3d_kartinki29.jpg\";i:1;s:12:\"3dwall47.jpg\";i:2;s:12:\"3dwall66.jpg\";i:3;s:17:\"3d_kartinki22.jpg\";}',	26),
(210,	'2019-07-16 03:36:14',	'2019-07-16 03:36:14',	'Dolor accusantium rerum omnis est ut.',	'Aut voluptas atque beatae temporibus nisi illo possimus omnis. Sed optio necessitatibus ut suscipit rerum. Reiciendis eveniet eum totam qui quia illum.',	'a:38:{i:0;s:12:\"3dwall64.jpg\";i:1;s:12:\"3dwall43.jpg\";i:2;s:12:\"3dwall14.JPG\";i:3;s:12:\"3dwall45.jpg\";i:4;s:17:\"3d_kartinki13.jpg\";i:5;s:12:\"3dwall20.jpg\";i:6;s:17:\"3d_kartinki35.jpg\";i:7;s:12:\"3dwall62.jpg\";i:8;s:12:\"3dwall06.jpg\";i:9;s:12:\"3dwall12.JPG\";i:10;s:12:\"3dwall36.jpg\";i:11;s:12:\"3dwall09.JPG\";i:12;s:12:\"3dwall11.JPG\";i:13;s:17:\"3d_kartinki22.jpg\";i:14;s:12:\"3dwall21.jpg\";i:15;s:17:\"3d_kartinki14.jpg\";i:16;s:12:\"3dwall02.jpg\";i:17;s:12:\"3dwall03.jpg\";i:18;s:17:\"3d_kartinki29.jpg\";i:19;s:17:\"3d_kartinki31.jpg\";i:20;s:17:\"3d_kartinki07.jpg\";i:21;s:17:\"3d_kartinki37.jpg\";i:22;s:12:\"3dwall23.jpg\";i:23;s:12:\"3dwall24.jpg\";i:24;s:12:\"3dwall52.jpg\";i:25;s:12:\"3dwall40.jpg\";i:26;s:12:\"3dwall08.JPG\";i:27;s:17:\"3d_kartinki18.jpg\";i:28;s:17:\"3d_kartinki30.jpg\";i:29;s:12:\"3dwall16.JPG\";i:30;s:17:\"3d_kartinki24.jpg\";i:31;s:17:\"3d_kartinki17.jpg\";i:32;s:17:\"3d_kartinki20.jpg\";i:33;s:12:\"3dwall42.jpg\";i:34;s:17:\"3d_kartinki04.jpg\";i:35;s:17:\"3d_kartinki09.jpg\";i:36;s:17:\"3d_kartinki16.jpg\";i:37;s:17:\"3d_kartinki38.jpg\";}',	26),
(211,	'2019-07-16 03:36:14',	'2019-07-16 03:36:14',	'Ea non eum ipsum.',	'Dolores rerum aut libero dolores ut. Illo delectus expedita eos et. Nostrum fuga ut modi aut. Hic facilis aperiam dolore beatae nostrum aliquam iste doloremque.',	'a:26:{i:0;s:17:\"3d_kartinki06.jpg\";i:1;s:12:\"3dwall49.jpg\";i:2;s:12:\"3dwall07.JPG\";i:3;s:12:\"3dwall59.jpg\";i:4;s:17:\"3d_kartinki30.jpg\";i:5;s:17:\"3d_kartinki23.jpg\";i:6;s:12:\"3dwall34.jpg\";i:7;s:12:\"3dwall39.jpg\";i:8;s:17:\"3d_kartinki18.jpg\";i:9;s:12:\"3dwall09.JPG\";i:10;s:17:\"3d_kartinki20.jpg\";i:11;s:17:\"3d_kartinki12.jpg\";i:12;s:12:\"3dwall26.jpg\";i:13;s:12:\"3dwall23.jpg\";i:14;s:12:\"3dwall37.jpg\";i:15;s:12:\"3dwall29.jpg\";i:16;s:17:\"3d_kartinki14.jpg\";i:17;s:12:\"3dwall51.jpg\";i:18;s:17:\"3d_kartinki32.jpg\";i:19;s:12:\"3dwall47.jpg\";i:20;s:12:\"3dwall45.jpg\";i:21;s:12:\"3dwall17.JPG\";i:22;s:17:\"3d_kartinki38.jpg\";i:23;s:12:\"3dwall40.jpg\";i:24;s:12:\"3dwall08.JPG\";i:25;s:17:\"3d_kartinki05.jpg\";}',	27),
(212,	'2019-07-16 03:36:14',	'2019-07-16 03:36:14',	'Suscipit et est voluptatem et.',	'Nihil libero sunt provident itaque dolor. Repudiandae quo repellendus in eos nulla qui placeat. Dicta harum neque omnis occaecati delectus. Architecto voluptatem ut quis pariatur.',	'a:2:{i:0;s:12:\"3dwall57.jpg\";i:1;s:17:\"3d_kartinki40.jpg\";}',	27),
(213,	'2019-07-16 03:36:14',	'2019-07-16 03:36:14',	'Dolores eum et aut.',	'Et qui error placeat odit sit. Sapiente voluptatibus corrupti ea aut neque et minima. Dolorem dolorum dolorem similique. Reprehenderit impedit quaerat omnis tenetur.',	'a:43:{i:0;s:12:\"3dwall65.jpg\";i:1;s:12:\"3dwall22.jpg\";i:2;s:12:\"3dwall34.jpg\";i:3;s:17:\"3d_kartinki39.jpg\";i:4;s:12:\"3dwall54.jpg\";i:5;s:12:\"3dwall42.jpg\";i:6;s:17:\"3d_kartinki25.jpg\";i:7;s:12:\"3dwall64.jpg\";i:8;s:12:\"3dwall41.jpg\";i:9;s:12:\"3dwall32.jpg\";i:10;s:17:\"3d_kartinki06.jpg\";i:11;s:17:\"3d_kartinki02.jpg\";i:12;s:12:\"3dwall01.jpg\";i:13;s:12:\"3dwall03.jpg\";i:14;s:12:\"3dwall57.jpg\";i:15;s:17:\"3d_kartinki33.jpg\";i:16;s:12:\"3dwall29.jpg\";i:17;s:12:\"3dwall07.JPG\";i:18;s:12:\"3dwall21.jpg\";i:19;s:17:\"3d_kartinki13.jpg\";i:20;s:17:\"3d_kartinki40.jpg\";i:21;s:12:\"3dwall08.JPG\";i:22;s:12:\"3dwall59.jpg\";i:23;s:12:\"3dwall52.jpg\";i:24;s:12:\"3dwall43.jpg\";i:25;s:12:\"3dwall33.jpg\";i:26;s:17:\"3d_kartinki35.jpg\";i:27;s:17:\"3d_kartinki11.jpg\";i:28;s:12:\"3dwall06.jpg\";i:29;s:12:\"3dwall62.jpg\";i:30;s:12:\"3dwall56.jpg\";i:31;s:17:\"3d_kartinki01.jpg\";i:32;s:12:\"3dwall30.jpg\";i:33;s:12:\"3dwall58.jpg\";i:34;s:17:\"3d_kartinki14.jpg\";i:35;s:12:\"3dwall25.jpg\";i:36;s:17:\"3d_kartinki07.jpg\";i:37;s:17:\"3d_kartinki38.jpg\";i:38;s:17:\"3d_kartinki04.jpg\";i:39;s:12:\"3dwall66.jpg\";i:40;s:12:\"3dwall09.JPG\";i:41;s:12:\"3dwall19.jpg\";i:42;s:12:\"3dwall38.jpg\";}',	27),
(214,	'2019-07-16 03:36:14',	'2019-07-16 03:36:14',	'Et alias et quasi provident temporibus dignissimos.',	'Voluptatem provident sint possimus et quas. Quas illum itaque beatae nobis. Praesentium quo consequatur consequatur recusandae eaque vitae.',	'a:45:{i:0;s:12:\"3dwall59.jpg\";i:1;s:12:\"3dwall43.jpg\";i:2;s:12:\"3dwall38.jpg\";i:3;s:12:\"3dwall64.jpg\";i:4;s:17:\"3d_kartinki33.jpg\";i:5;s:12:\"3dwall10.JPG\";i:6;s:12:\"3dwall52.jpg\";i:7;s:17:\"3d_kartinki07.jpg\";i:8;s:12:\"3dwall03.jpg\";i:9;s:12:\"3dwall50.jpg\";i:10;s:12:\"3dwall34.jpg\";i:11;s:17:\"3d_kartinki04.jpg\";i:12;s:12:\"3dwall07.JPG\";i:13;s:17:\"3d_kartinki15.jpg\";i:14;s:12:\"3dwall06.jpg\";i:15;s:17:\"3d_kartinki40.jpg\";i:16;s:12:\"3dwall55.JPG\";i:17;s:12:\"3dwall41.jpg\";i:18;s:12:\"3dwall37.jpg\";i:19;s:17:\"3d_kartinki18.jpg\";i:20;s:12:\"3dwall58.jpg\";i:21;s:17:\"3d_kartinki34.jpg\";i:22;s:12:\"3dwall05.jpg\";i:23;s:12:\"3dwall66.jpg\";i:24;s:17:\"3d_kartinki09.jpg\";i:25;s:12:\"3dwall12.JPG\";i:26;s:12:\"3dwall46.jpg\";i:27;s:17:\"3d_kartinki10.jpg\";i:28;s:12:\"3dwall29.jpg\";i:29;s:17:\"3d_kartinki23.jpg\";i:30;s:17:\"3d_kartinki21.jpg\";i:31;s:17:\"3d_kartinki37.jpg\";i:32;s:12:\"3dwall42.jpg\";i:33;s:17:\"3d_kartinki25.jpg\";i:34;s:12:\"3dwall32.jpg\";i:35;s:12:\"3dwall28.jpg\";i:36;s:12:\"3dwall57.jpg\";i:37;s:17:\"3d_kartinki14.jpg\";i:38;s:12:\"3dwall04.jpg\";i:39;s:12:\"3dwall27.jpg\";i:40;s:12:\"3dwall08.JPG\";i:41;s:12:\"3dwall45.jpg\";i:42;s:12:\"3dwall53.jpg\";i:43;s:12:\"3dwall09.JPG\";i:44;s:17:\"3d_kartinki27.jpg\";}',	27),
(215,	'2019-07-16 03:36:14',	'2019-07-16 03:36:14',	'Rerum hic aspernatur consequuntur.',	'Dolore voluptas iusto magni. Dolorem ratione unde ut consequatur. Natus aut aliquam non enim qui quasi rerum dolore. Eum nobis deleniti id eum. Necessitatibus voluptatem ipsam saepe. Dolor non nesciunt aut laboriosam quae non. Aliquid voluptatem error in sunt voluptate velit dolor at.',	'a:28:{i:0;s:12:\"3dwall02.jpg\";i:1;s:17:\"3d_kartinki26.jpg\";i:2;s:12:\"3dwall42.jpg\";i:3;s:17:\"3d_kartinki29.jpg\";i:4;s:12:\"3dwall12.JPG\";i:5;s:17:\"3d_kartinki17.jpg\";i:6;s:12:\"3dwall06.jpg\";i:7;s:12:\"3dwall48.jpg\";i:8;s:12:\"3dwall14.JPG\";i:9;s:12:\"3dwall16.JPG\";i:10;s:12:\"3dwall27.jpg\";i:11;s:17:\"3d_kartinki35.jpg\";i:12;s:17:\"3d_kartinki36.jpg\";i:13;s:17:\"3d_kartinki09.jpg\";i:14;s:12:\"3dwall17.JPG\";i:15;s:17:\"3d_kartinki31.jpg\";i:16;s:17:\"3d_kartinki30.jpg\";i:17;s:17:\"3d_kartinki15.jpg\";i:18;s:12:\"3dwall03.jpg\";i:19;s:12:\"3dwall49.jpg\";i:20;s:17:\"3d_kartinki07.jpg\";i:21;s:12:\"3dwall01.jpg\";i:22;s:12:\"3dwall30.jpg\";i:23;s:12:\"3dwall15.JPG\";i:24;s:12:\"3dwall58.jpg\";i:25;s:17:\"3d_kartinki39.jpg\";i:26;s:12:\"3dwall10.JPG\";i:27;s:17:\"3d_kartinki11.jpg\";}',	27),
(216,	'2019-07-16 03:36:14',	'2019-07-16 03:36:14',	'Architecto inventore sit occaecati molestias ad.',	'Ut cumque nesciunt veniam minima maiores voluptatem. Ut error qui ea autem consequatur ut fugit. Minima velit dolor voluptatem fugiat illum. Fugiat in vel porro. Aut magni quos dolores neque. Earum ut expedita et qui beatae. Illum mollitia ad cumque itaque iusto delectus.',	'a:30:{i:0;s:17:\"3d_kartinki29.jpg\";i:1;s:12:\"3dwall62.jpg\";i:2;s:17:\"3d_kartinki40.jpg\";i:3;s:17:\"3d_kartinki22.jpg\";i:4;s:12:\"3dwall23.jpg\";i:5;s:12:\"3dwall60.jpg\";i:6;s:12:\"3dwall49.jpg\";i:7;s:12:\"3dwall44.jpg\";i:8;s:12:\"3dwall56.jpg\";i:9;s:12:\"3dwall46.jpg\";i:10;s:17:\"3d_kartinki02.jpg\";i:11;s:12:\"3dwall04.jpg\";i:12;s:12:\"3dwall16.JPG\";i:13;s:12:\"3dwall35.jpg\";i:14;s:17:\"3d_kartinki12.jpg\";i:15;s:12:\"3dwall14.JPG\";i:16;s:12:\"3dwall05.jpg\";i:17;s:17:\"3d_kartinki17.jpg\";i:18;s:12:\"3dwall27.jpg\";i:19;s:17:\"3d_kartinki33.jpg\";i:20;s:12:\"3dwall32.jpg\";i:21;s:12:\"3dwall28.jpg\";i:22;s:17:\"3d_kartinki30.jpg\";i:23;s:12:\"3dwall51.jpg\";i:24;s:17:\"3d_kartinki21.jpg\";i:25;s:17:\"3d_kartinki36.jpg\";i:26;s:17:\"3d_kartinki10.jpg\";i:27;s:17:\"3d_kartinki28.jpg\";i:28;s:17:\"3d_kartinki19.jpg\";i:29;s:12:\"3dwall02.jpg\";}',	27),
(217,	'2019-07-16 03:36:14',	'2019-07-16 03:36:14',	'Unde et voluptas laudantium quis aspernatur rerum.',	'Quidem animi facere dolor consequatur expedita eum. Ab aut laudantium quam. Dolores alias vel ut cum. Animi enim consequuntur ut laboriosam. Ullam aut quasi officiis voluptatibus. Consequatur velit ipsam facere quibusdam.',	'a:45:{i:0;s:12:\"3dwall36.jpg\";i:1;s:17:\"3d_kartinki26.jpg\";i:2;s:12:\"3dwall34.jpg\";i:3;s:12:\"3dwall13.JPG\";i:4;s:17:\"3d_kartinki13.jpg\";i:5;s:12:\"3dwall24.jpg\";i:6;s:17:\"3d_kartinki24.jpg\";i:7;s:12:\"3dwall66.jpg\";i:8;s:12:\"3dwall23.jpg\";i:9;s:12:\"3dwall52.jpg\";i:10;s:12:\"3dwall32.jpg\";i:11;s:12:\"3dwall56.jpg\";i:12;s:12:\"3dwall44.jpg\";i:13;s:12:\"3dwall10.JPG\";i:14;s:17:\"3d_kartinki25.jpg\";i:15;s:17:\"3d_kartinki14.jpg\";i:16;s:12:\"3dwall09.JPG\";i:17;s:17:\"3d_kartinki11.jpg\";i:18;s:17:\"3d_kartinki09.jpg\";i:19;s:17:\"3d_kartinki12.jpg\";i:20;s:17:\"3d_kartinki28.jpg\";i:21;s:12:\"3dwall01.jpg\";i:22;s:12:\"3dwall54.jpg\";i:23;s:17:\"3d_kartinki37.jpg\";i:24;s:12:\"3dwall20.jpg\";i:25;s:12:\"3dwall27.jpg\";i:26;s:17:\"3d_kartinki38.jpg\";i:27;s:12:\"3dwall29.jpg\";i:28;s:12:\"3dwall64.jpg\";i:29;s:12:\"3dwall35.jpg\";i:30;s:12:\"3dwall11.JPG\";i:31;s:17:\"3d_kartinki03.jpg\";i:32;s:12:\"3dwall40.jpg\";i:33;s:17:\"3d_kartinki19.jpg\";i:34;s:17:\"3d_kartinki23.jpg\";i:35;s:12:\"3dwall26.jpg\";i:36;s:17:\"3d_kartinki21.jpg\";i:37;s:17:\"3d_kartinki04.jpg\";i:38;s:12:\"3dwall12.JPG\";i:39;s:12:\"3dwall53.jpg\";i:40;s:12:\"3dwall49.jpg\";i:41;s:12:\"3dwall25.jpg\";i:42;s:17:\"3d_kartinki07.jpg\";i:43;s:12:\"3dwall39.jpg\";i:44;s:12:\"3dwall05.jpg\";}',	27),
(218,	'2019-07-16 03:36:14',	'2019-07-16 03:36:14',	'Beatae rerum consequatur consequatur.',	'Et non non quidem possimus similique tempora. Earum non neque non itaque iste. Tenetur eum hic et velit ipsum qui soluta. Autem occaecati molestiae ipsa non qui asperiores libero similique.',	'a:45:{i:0;s:12:\"3dwall02.jpg\";i:1;s:17:\"3d_kartinki40.jpg\";i:2;s:12:\"3dwall32.jpg\";i:3;s:12:\"3dwall14.JPG\";i:4;s:12:\"3dwall48.jpg\";i:5;s:12:\"3dwall11.JPG\";i:6;s:17:\"3d_kartinki30.jpg\";i:7;s:17:\"3d_kartinki18.jpg\";i:8;s:12:\"3dwall19.jpg\";i:9;s:17:\"3d_kartinki39.jpg\";i:10;s:12:\"3dwall36.jpg\";i:11;s:12:\"3dwall39.jpg\";i:12;s:12:\"3dwall41.jpg\";i:13;s:12:\"3dwall42.jpg\";i:14;s:17:\"3d_kartinki05.jpg\";i:15;s:17:\"3d_kartinki13.jpg\";i:16;s:12:\"3dwall35.jpg\";i:17;s:12:\"3dwall53.jpg\";i:18;s:12:\"3dwall57.jpg\";i:19;s:17:\"3d_kartinki22.jpg\";i:20;s:17:\"3d_kartinki37.jpg\";i:21;s:12:\"3dwall66.jpg\";i:22;s:17:\"3d_kartinki38.jpg\";i:23;s:12:\"3dwall49.jpg\";i:24;s:12:\"3dwall47.jpg\";i:25;s:12:\"3dwall09.JPG\";i:26;s:17:\"3d_kartinki36.jpg\";i:27;s:12:\"3dwall18.jpg\";i:28;s:12:\"3dwall59.jpg\";i:29;s:17:\"3d_kartinki17.jpg\";i:30;s:12:\"3dwall27.jpg\";i:31;s:17:\"3d_kartinki19.jpg\";i:32;s:12:\"3dwall24.jpg\";i:33;s:17:\"3d_kartinki33.jpg\";i:34;s:12:\"3dwall55.JPG\";i:35;s:12:\"3dwall45.jpg\";i:36;s:17:\"3d_kartinki35.jpg\";i:37;s:17:\"3d_kartinki16.jpg\";i:38;s:12:\"3dwall16.JPG\";i:39;s:17:\"3d_kartinki12.jpg\";i:40;s:12:\"3dwall12.JPG\";i:41;s:17:\"3d_kartinki32.jpg\";i:42;s:12:\"3dwall40.jpg\";i:43;s:12:\"3dwall15.JPG\";i:44;s:12:\"3dwall65.jpg\";}',	27),
(219,	'2019-07-16 03:36:14',	'2019-07-16 03:36:14',	'Est minus quibusdam nemo consequatur.',	'Consequatur id sequi est hic doloribus aut quasi non. Aut cupiditate nihil quia voluptatem. Incidunt reiciendis eligendi commodi eligendi. Harum quisquam ducimus temporibus quasi ut aut.',	'a:27:{i:0;s:12:\"3dwall14.JPG\";i:1;s:17:\"3d_kartinki25.jpg\";i:2;s:17:\"3d_kartinki11.jpg\";i:3;s:12:\"3dwall05.jpg\";i:4;s:12:\"3dwall15.JPG\";i:5;s:17:\"3d_kartinki34.jpg\";i:6;s:12:\"3dwall24.jpg\";i:7;s:17:\"3d_kartinki36.jpg\";i:8;s:12:\"3dwall13.JPG\";i:9;s:17:\"3d_kartinki40.jpg\";i:10;s:17:\"3d_kartinki07.jpg\";i:11;s:17:\"3d_kartinki31.jpg\";i:12;s:12:\"3dwall18.jpg\";i:13;s:17:\"3d_kartinki04.jpg\";i:14;s:17:\"3d_kartinki08.jpg\";i:15;s:12:\"3dwall12.JPG\";i:16;s:17:\"3d_kartinki24.jpg\";i:17;s:12:\"3dwall02.jpg\";i:18;s:12:\"3dwall56.jpg\";i:19;s:17:\"3d_kartinki10.jpg\";i:20;s:12:\"3dwall17.JPG\";i:21;s:12:\"3dwall65.jpg\";i:22;s:17:\"3d_kartinki22.jpg\";i:23;s:12:\"3dwall43.jpg\";i:24;s:17:\"3d_kartinki19.jpg\";i:25;s:12:\"3dwall34.jpg\";i:26;s:12:\"3dwall60.jpg\";}',	27),
(220,	'2019-07-16 03:36:14',	'2019-07-16 03:36:14',	'Facere qui minus quia sit.',	'Aliquam animi necessitatibus adipisci. Veritatis et quod architecto aperiam voluptatem porro. Vel impedit sint eos nihil qui qui. Repudiandae beatae perspiciatis minus enim.',	'a:3:{i:0;s:17:\"3d_kartinki21.jpg\";i:1;s:17:\"3d_kartinki40.jpg\";i:2;s:12:\"3dwall29.jpg\";}',	27),
(221,	'2019-07-16 03:36:14',	'2019-07-16 03:36:14',	'Praesentium eveniet expedita mollitia dicta iure.',	'Architecto est porro veritatis dolor iste minima. Ut eligendi tenetur cupiditate possimus ipsa. Dignissimos saepe et fuga earum id consequatur laborum. Qui nemo veritatis nemo dolor esse et consequatur sed. Et ad tenetur totam corrupti aliquam qui laudantium. Illum suscipit nam sit quos.',	'a:13:{i:0;s:12:\"3dwall29.jpg\";i:1;s:12:\"3dwall43.jpg\";i:2;s:12:\"3dwall11.JPG\";i:3;s:12:\"3dwall46.jpg\";i:4;s:12:\"3dwall47.jpg\";i:5;s:12:\"3dwall53.jpg\";i:6;s:12:\"3dwall57.jpg\";i:7;s:12:\"3dwall02.jpg\";i:8;s:17:\"3d_kartinki24.jpg\";i:9;s:17:\"3d_kartinki11.jpg\";i:10;s:12:\"3dwall39.jpg\";i:11;s:12:\"3dwall55.JPG\";i:12;s:17:\"3d_kartinki18.jpg\";}',	28),
(222,	'2019-07-16 03:36:14',	'2019-07-16 03:36:14',	'Vitae quisquam quo tempore.',	'Et beatae labore sint maxime itaque et. Optio expedita sunt illo asperiores nobis. Odio dolor possimus expedita perspiciatis aut adipisci nulla. Repudiandae vitae minus natus possimus pariatur. Tempore amet facere et exercitationem. Odio in quas rerum sunt exercitationem non.',	'a:20:{i:0;s:12:\"3dwall24.jpg\";i:1;s:12:\"3dwall65.jpg\";i:2;s:17:\"3d_kartinki07.jpg\";i:3;s:12:\"3dwall10.JPG\";i:4;s:12:\"3dwall23.jpg\";i:5;s:17:\"3d_kartinki01.jpg\";i:6;s:17:\"3d_kartinki34.jpg\";i:7;s:12:\"3dwall39.jpg\";i:8;s:12:\"3dwall16.JPG\";i:9;s:17:\"3d_kartinki11.jpg\";i:10;s:17:\"3d_kartinki15.jpg\";i:11;s:17:\"3d_kartinki21.jpg\";i:12;s:12:\"3dwall19.jpg\";i:13;s:12:\"3dwall62.jpg\";i:14;s:17:\"3d_kartinki22.jpg\";i:15;s:12:\"3dwall42.jpg\";i:16;s:12:\"3dwall44.jpg\";i:17;s:12:\"3dwall02.jpg\";i:18;s:12:\"3dwall56.jpg\";i:19;s:12:\"3dwall32.jpg\";}',	28),
(223,	'2019-07-16 03:36:14',	'2019-07-16 03:36:14',	'Ipsa distinctio a et architecto in.',	'Rerum ducimus rerum aut soluta aut illo sapiente. Veritatis accusantium sed et exercitationem est quia. Inventore nihil tenetur voluptas amet aliquid fugit iste.',	'a:2:{i:0;s:12:\"3dwall50.jpg\";i:1;s:12:\"3dwall06.jpg\";}',	28),
(224,	'2019-07-16 03:36:14',	'2019-07-16 03:36:14',	'At vitae est itaque enim et.',	'A quas voluptatibus quia eaque repudiandae. Quia et et repellendus nulla voluptate cumque. Omnis veritatis nostrum et omnis perferendis sunt officia. Aut quibusdam dolore natus qui quod est quasi.',	'a:48:{i:0;s:17:\"3d_kartinki30.jpg\";i:1;s:17:\"3d_kartinki22.jpg\";i:2;s:12:\"3dwall20.jpg\";i:3;s:12:\"3dwall53.jpg\";i:4;s:17:\"3d_kartinki39.jpg\";i:5;s:12:\"3dwall66.jpg\";i:6;s:17:\"3d_kartinki29.jpg\";i:7;s:17:\"3d_kartinki08.jpg\";i:8;s:12:\"3dwall01.jpg\";i:9;s:17:\"3d_kartinki18.jpg\";i:10;s:12:\"3dwall21.jpg\";i:11;s:17:\"3d_kartinki01.jpg\";i:12;s:12:\"3dwall59.jpg\";i:13;s:12:\"3dwall22.jpg\";i:14;s:12:\"3dwall44.jpg\";i:15;s:17:\"3d_kartinki17.jpg\";i:16;s:12:\"3dwall08.JPG\";i:17;s:17:\"3d_kartinki31.jpg\";i:18;s:12:\"3dwall13.JPG\";i:19;s:12:\"3dwall10.JPG\";i:20;s:17:\"3d_kartinki36.jpg\";i:21;s:17:\"3d_kartinki34.jpg\";i:22;s:12:\"3dwall32.jpg\";i:23;s:12:\"3dwall06.jpg\";i:24;s:17:\"3d_kartinki06.jpg\";i:25;s:17:\"3d_kartinki16.jpg\";i:26;s:12:\"3dwall31.jpg\";i:27;s:17:\"3d_kartinki03.jpg\";i:28;s:17:\"3d_kartinki27.jpg\";i:29;s:12:\"3dwall25.jpg\";i:30;s:17:\"3d_kartinki21.jpg\";i:31;s:17:\"3d_kartinki28.jpg\";i:32;s:12:\"3dwall03.jpg\";i:33;s:17:\"3d_kartinki40.jpg\";i:34;s:17:\"3d_kartinki23.jpg\";i:35;s:12:\"3dwall18.jpg\";i:36;s:17:\"3d_kartinki05.jpg\";i:37;s:12:\"3dwall04.jpg\";i:38;s:12:\"3dwall46.jpg\";i:39;s:17:\"3d_kartinki13.jpg\";i:40;s:12:\"3dwall50.jpg\";i:41;s:17:\"3d_kartinki10.jpg\";i:42;s:12:\"3dwall09.JPG\";i:43;s:12:\"3dwall34.jpg\";i:44;s:17:\"3d_kartinki14.jpg\";i:45;s:12:\"3dwall07.JPG\";i:46;s:17:\"3d_kartinki35.jpg\";i:47;s:12:\"3dwall36.jpg\";}',	28),
(225,	'2019-07-16 03:36:14',	'2019-07-16 03:36:14',	'Est eos quisquam aspernatur et.',	'Consequuntur corporis atque nihil nam. Non sapiente distinctio doloremque voluptas fugiat sunt iure qui. Aut dolor debitis deserunt sed iste eveniet. Sit aperiam vitae doloremque sapiente. Adipisci libero minima tempore accusantium aut.',	'a:35:{i:0;s:17:\"3d_kartinki14.jpg\";i:1;s:12:\"3dwall26.jpg\";i:2;s:12:\"3dwall49.jpg\";i:3;s:12:\"3dwall29.jpg\";i:4;s:17:\"3d_kartinki37.jpg\";i:5;s:17:\"3d_kartinki02.jpg\";i:6;s:12:\"3dwall28.jpg\";i:7;s:12:\"3dwall52.jpg\";i:8;s:17:\"3d_kartinki07.jpg\";i:9;s:12:\"3dwall47.jpg\";i:10;s:17:\"3d_kartinki32.jpg\";i:11;s:12:\"3dwall18.jpg\";i:12;s:12:\"3dwall10.JPG\";i:13;s:12:\"3dwall45.jpg\";i:14;s:17:\"3d_kartinki10.jpg\";i:15;s:17:\"3d_kartinki31.jpg\";i:16;s:12:\"3dwall66.jpg\";i:17;s:12:\"3dwall14.JPG\";i:18;s:12:\"3dwall03.jpg\";i:19;s:17:\"3d_kartinki26.jpg\";i:20;s:12:\"3dwall39.jpg\";i:21;s:12:\"3dwall40.jpg\";i:22;s:12:\"3dwall57.jpg\";i:23;s:17:\"3d_kartinki38.jpg\";i:24;s:12:\"3dwall62.jpg\";i:25;s:17:\"3d_kartinki04.jpg\";i:26;s:17:\"3d_kartinki21.jpg\";i:27;s:12:\"3dwall58.jpg\";i:28;s:12:\"3dwall22.jpg\";i:29;s:12:\"3dwall36.jpg\";i:30;s:17:\"3d_kartinki20.jpg\";i:31;s:12:\"3dwall43.jpg\";i:32;s:12:\"3dwall27.jpg\";i:33;s:12:\"3dwall16.JPG\";i:34;s:12:\"3dwall56.jpg\";}',	28),
(226,	'2019-07-16 03:36:14',	'2019-07-16 03:36:14',	'Ut facere est aperiam voluptas laboriosam unde.',	'Consectetur inventore nulla autem vel. Architecto deleniti molestiae atque ullam. Consequuntur necessitatibus aut qui. Rem ipsam molestias itaque tenetur.',	'a:27:{i:0;s:12:\"3dwall54.jpg\";i:1;s:17:\"3d_kartinki31.jpg\";i:2;s:17:\"3d_kartinki28.jpg\";i:3;s:12:\"3dwall51.jpg\";i:4;s:17:\"3d_kartinki17.jpg\";i:5;s:17:\"3d_kartinki06.jpg\";i:6;s:12:\"3dwall06.jpg\";i:7;s:17:\"3d_kartinki02.jpg\";i:8;s:12:\"3dwall25.jpg\";i:9;s:17:\"3d_kartinki04.jpg\";i:10;s:12:\"3dwall57.jpg\";i:11;s:17:\"3d_kartinki13.jpg\";i:12;s:12:\"3dwall23.jpg\";i:13;s:12:\"3dwall50.jpg\";i:14;s:17:\"3d_kartinki21.jpg\";i:15;s:12:\"3dwall40.jpg\";i:16;s:12:\"3dwall12.JPG\";i:17;s:17:\"3d_kartinki26.jpg\";i:18;s:17:\"3d_kartinki15.jpg\";i:19;s:17:\"3d_kartinki07.jpg\";i:20;s:12:\"3dwall43.jpg\";i:21;s:12:\"3dwall20.jpg\";i:22;s:12:\"3dwall22.jpg\";i:23;s:17:\"3d_kartinki27.jpg\";i:24;s:12:\"3dwall13.JPG\";i:25;s:17:\"3d_kartinki23.jpg\";i:26;s:12:\"3dwall35.jpg\";}',	28),
(227,	'2019-07-16 03:36:14',	'2019-07-16 03:36:14',	'Est minima a eius aut.',	'Nulla laboriosam officiis voluptas magni. Natus dolorum sunt laudantium exercitationem et quis. Inventore mollitia libero et modi itaque delectus. Quia itaque numquam modi nulla hic et voluptas vitae. Voluptas aliquid quam accusamus libero molestiae. Id corporis recusandae incidunt deserunt.',	'a:5:{i:0;s:12:\"3dwall04.jpg\";i:1;s:12:\"3dwall33.jpg\";i:2;s:17:\"3d_kartinki19.jpg\";i:3;s:12:\"3dwall58.jpg\";i:4;s:12:\"3dwall28.jpg\";}',	28),
(228,	'2019-07-16 03:36:14',	'2019-07-16 03:36:14',	'Molestias magnam sit veritatis.',	'Distinctio eligendi dolorum quidem aut. Hic et enim est asperiores et dolorem. Mollitia cum sed sunt aut quia ratione. Quia et enim quia est et rerum. Veritatis consequuntur repellendus voluptas veniam. Alias at deserunt rem beatae perferendis.',	'a:7:{i:0;s:12:\"3dwall11.JPG\";i:1;s:17:\"3d_kartinki34.jpg\";i:2;s:17:\"3d_kartinki06.jpg\";i:3;s:12:\"3dwall39.jpg\";i:4;s:17:\"3d_kartinki08.jpg\";i:5;s:12:\"3dwall01.jpg\";i:6;s:12:\"3dwall60.jpg\";}',	28),
(229,	'2019-07-16 03:36:14',	'2019-07-16 03:36:14',	'Ipsum atque iste non hic quisquam.',	'Dolor cumque sit quae dolores quis. Officia ut cum rerum eum omnis. Rerum reiciendis consequatur enim esse aliquid ea reprehenderit. Dolore voluptates nostrum voluptate omnis ea veniam sequi.',	'a:2:{i:0;s:12:\"3dwall22.jpg\";i:1;s:17:\"3d_kartinki39.jpg\";}',	28),
(230,	'2019-07-16 03:36:14',	'2019-07-16 03:36:14',	'Ullam eligendi quod nulla consequuntur.',	'Excepturi esse mollitia nemo molestiae repellat dolor. Cumque voluptas voluptas a quis fuga aut. Omnis officia numquam fugit sit sed.',	'a:42:{i:0;s:17:\"3d_kartinki33.jpg\";i:1;s:12:\"3dwall50.jpg\";i:2;s:12:\"3dwall41.jpg\";i:3;s:17:\"3d_kartinki32.jpg\";i:4;s:17:\"3d_kartinki31.jpg\";i:5;s:12:\"3dwall09.JPG\";i:6;s:17:\"3d_kartinki11.jpg\";i:7;s:12:\"3dwall60.jpg\";i:8;s:12:\"3dwall05.jpg\";i:9;s:12:\"3dwall44.jpg\";i:10;s:12:\"3dwall57.jpg\";i:11;s:17:\"3d_kartinki10.jpg\";i:12;s:17:\"3d_kartinki19.jpg\";i:13;s:17:\"3d_kartinki06.jpg\";i:14;s:17:\"3d_kartinki26.jpg\";i:15;s:12:\"3dwall27.jpg\";i:16;s:12:\"3dwall08.JPG\";i:17;s:17:\"3d_kartinki04.jpg\";i:18;s:17:\"3d_kartinki16.jpg\";i:19;s:12:\"3dwall19.jpg\";i:20;s:12:\"3dwall23.jpg\";i:21;s:12:\"3dwall35.jpg\";i:22;s:12:\"3dwall06.jpg\";i:23;s:17:\"3d_kartinki02.jpg\";i:24;s:12:\"3dwall32.jpg\";i:25;s:17:\"3d_kartinki20.jpg\";i:26;s:12:\"3dwall18.jpg\";i:27;s:17:\"3d_kartinki05.jpg\";i:28;s:17:\"3d_kartinki22.jpg\";i:29;s:17:\"3d_kartinki13.jpg\";i:30;s:17:\"3d_kartinki34.jpg\";i:31;s:17:\"3d_kartinki40.jpg\";i:32;s:12:\"3dwall54.jpg\";i:33;s:12:\"3dwall03.jpg\";i:34;s:12:\"3dwall29.jpg\";i:35;s:17:\"3d_kartinki17.jpg\";i:36;s:12:\"3dwall10.JPG\";i:37;s:17:\"3d_kartinki35.jpg\";i:38;s:12:\"3dwall40.jpg\";i:39;s:12:\"3dwall25.jpg\";i:40;s:12:\"3dwall21.jpg\";i:41;s:12:\"3dwall24.jpg\";}',	28),
(231,	'2019-07-16 03:36:15',	'2019-07-16 03:36:15',	'Omnis alias exercitationem omnis.',	'Impedit tempora enim qui. Quia eum rerum accusamus ipsam ut. Nulla quaerat ipsum dolorem assumenda eos. Iste atque impedit tenetur aut nesciunt. Nihil dolores hic sit facere alias distinctio quo.',	'a:7:{i:0;s:12:\"3dwall13.JPG\";i:1;s:17:\"3d_kartinki10.jpg\";i:2;s:12:\"3dwall11.JPG\";i:3;s:12:\"3dwall05.jpg\";i:4;s:12:\"3dwall62.jpg\";i:5;s:12:\"3dwall31.jpg\";i:6;s:17:\"3d_kartinki40.jpg\";}',	29),
(232,	'2019-07-16 03:36:15',	'2019-07-16 03:36:15',	'Quos totam eveniet voluptatem ipsam corrupti totam.',	'Ducimus qui quia amet adipisci officiis aut ab. Iure et nihil eius illum ducimus nobis. Et doloremque veniam necessitatibus omnis ipsam dolores inventore dolor.',	'a:50:{i:0;s:17:\"3d_kartinki21.jpg\";i:1;s:12:\"3dwall52.jpg\";i:2;s:12:\"3dwall27.jpg\";i:3;s:17:\"3d_kartinki02.jpg\";i:4;s:12:\"3dwall32.jpg\";i:5;s:17:\"3d_kartinki26.jpg\";i:6;s:12:\"3dwall55.JPG\";i:7;s:12:\"3dwall51.jpg\";i:8;s:12:\"3dwall35.jpg\";i:9;s:17:\"3d_kartinki35.jpg\";i:10;s:17:\"3d_kartinki27.jpg\";i:11;s:12:\"3dwall34.jpg\";i:12;s:12:\"3dwall18.jpg\";i:13;s:17:\"3d_kartinki25.jpg\";i:14;s:12:\"3dwall22.jpg\";i:15;s:12:\"3dwall48.jpg\";i:16;s:12:\"3dwall06.jpg\";i:17;s:17:\"3d_kartinki29.jpg\";i:18;s:12:\"3dwall01.jpg\";i:19;s:17:\"3d_kartinki34.jpg\";i:20;s:17:\"3d_kartinki04.jpg\";i:21;s:17:\"3d_kartinki07.jpg\";i:22;s:17:\"3d_kartinki39.jpg\";i:23;s:17:\"3d_kartinki24.jpg\";i:24;s:12:\"3dwall07.JPG\";i:25;s:12:\"3dwall09.JPG\";i:26;s:17:\"3d_kartinki18.jpg\";i:27;s:12:\"3dwall65.jpg\";i:28;s:12:\"3dwall64.jpg\";i:29;s:17:\"3d_kartinki32.jpg\";i:30;s:12:\"3dwall40.jpg\";i:31;s:12:\"3dwall59.jpg\";i:32;s:12:\"3dwall14.JPG\";i:33;s:12:\"3dwall58.jpg\";i:34;s:17:\"3d_kartinki09.jpg\";i:35;s:12:\"3dwall57.jpg\";i:36;s:17:\"3d_kartinki20.jpg\";i:37;s:12:\"3dwall49.jpg\";i:38;s:17:\"3d_kartinki12.jpg\";i:39;s:12:\"3dwall45.jpg\";i:40;s:12:\"3dwall02.jpg\";i:41;s:17:\"3d_kartinki15.jpg\";i:42;s:12:\"3dwall12.JPG\";i:43;s:12:\"3dwall20.jpg\";i:44;s:17:\"3d_kartinki03.jpg\";i:45;s:12:\"3dwall38.jpg\";i:46;s:12:\"3dwall39.jpg\";i:47;s:12:\"3dwall16.JPG\";i:48;s:12:\"3dwall53.jpg\";i:49;s:12:\"3dwall17.JPG\";}',	29),
(233,	'2019-07-16 03:36:15',	'2019-07-16 03:36:15',	'Sint ab ut blanditiis amet suscipit.',	'Velit quia eligendi et qui similique veniam. Neque recusandae id magni maxime distinctio nobis qui quia. Et neque aperiam praesentium quo id voluptatem nemo inventore. Architecto aut temporibus minima veniam ex hic. Vero sed quisquam corrupti a sed. Dolore vel sed reiciendis illum ratione.',	'a:36:{i:0;s:12:\"3dwall22.jpg\";i:1;s:17:\"3d_kartinki19.jpg\";i:2;s:17:\"3d_kartinki34.jpg\";i:3;s:12:\"3dwall12.JPG\";i:4;s:12:\"3dwall17.JPG\";i:5;s:12:\"3dwall38.jpg\";i:6;s:12:\"3dwall31.jpg\";i:7;s:12:\"3dwall40.jpg\";i:8;s:12:\"3dwall29.jpg\";i:9;s:17:\"3d_kartinki37.jpg\";i:10;s:17:\"3d_kartinki17.jpg\";i:11;s:12:\"3dwall66.jpg\";i:12;s:17:\"3d_kartinki05.jpg\";i:13;s:17:\"3d_kartinki01.jpg\";i:14;s:12:\"3dwall30.jpg\";i:15;s:12:\"3dwall54.jpg\";i:16;s:12:\"3dwall50.jpg\";i:17;s:17:\"3d_kartinki13.jpg\";i:18;s:12:\"3dwall52.jpg\";i:19;s:12:\"3dwall46.jpg\";i:20;s:12:\"3dwall60.jpg\";i:21;s:12:\"3dwall65.jpg\";i:22;s:17:\"3d_kartinki21.jpg\";i:23;s:17:\"3d_kartinki22.jpg\";i:24;s:12:\"3dwall08.JPG\";i:25;s:12:\"3dwall19.jpg\";i:26;s:12:\"3dwall36.jpg\";i:27;s:17:\"3d_kartinki16.jpg\";i:28;s:17:\"3d_kartinki04.jpg\";i:29;s:12:\"3dwall58.jpg\";i:30;s:17:\"3d_kartinki12.jpg\";i:31;s:12:\"3dwall02.jpg\";i:32;s:17:\"3d_kartinki15.jpg\";i:33;s:17:\"3d_kartinki36.jpg\";i:34;s:12:\"3dwall04.jpg\";i:35;s:12:\"3dwall26.jpg\";}',	29),
(234,	'2019-07-16 03:36:15',	'2019-07-16 03:36:15',	'Et ex ab labore.',	'Porro blanditiis aperiam sunt totam eligendi. Nulla minus reprehenderit alias. Minus voluptates esse quo a id. Nostrum et non qui mollitia. Asperiores corrupti soluta sunt at. Non doloremque et est ratione consectetur occaecati. Adipisci sunt tenetur maiores blanditiis.',	'a:33:{i:0;s:12:\"3dwall03.jpg\";i:1;s:17:\"3d_kartinki20.jpg\";i:2;s:12:\"3dwall31.jpg\";i:3;s:12:\"3dwall13.JPG\";i:4;s:12:\"3dwall24.jpg\";i:5;s:17:\"3d_kartinki34.jpg\";i:6;s:17:\"3d_kartinki02.jpg\";i:7;s:12:\"3dwall05.jpg\";i:8;s:17:\"3d_kartinki40.jpg\";i:9;s:17:\"3d_kartinki04.jpg\";i:10;s:17:\"3d_kartinki25.jpg\";i:11;s:17:\"3d_kartinki39.jpg\";i:12;s:12:\"3dwall18.jpg\";i:13;s:12:\"3dwall37.jpg\";i:14;s:12:\"3dwall40.jpg\";i:15;s:17:\"3d_kartinki10.jpg\";i:16;s:17:\"3d_kartinki26.jpg\";i:17;s:17:\"3d_kartinki38.jpg\";i:18;s:17:\"3d_kartinki19.jpg\";i:19;s:12:\"3dwall29.jpg\";i:20;s:12:\"3dwall34.jpg\";i:21;s:17:\"3d_kartinki17.jpg\";i:22;s:12:\"3dwall21.jpg\";i:23;s:12:\"3dwall12.JPG\";i:24;s:17:\"3d_kartinki01.jpg\";i:25;s:17:\"3d_kartinki16.jpg\";i:26;s:17:\"3d_kartinki32.jpg\";i:27;s:12:\"3dwall22.jpg\";i:28;s:12:\"3dwall04.jpg\";i:29;s:12:\"3dwall49.jpg\";i:30;s:12:\"3dwall30.jpg\";i:31;s:12:\"3dwall64.jpg\";i:32;s:12:\"3dwall46.jpg\";}',	29),
(235,	'2019-07-16 03:36:15',	'2019-07-16 03:36:15',	'Vitae culpa voluptatem qui.',	'Enim omnis nulla et maiores. Modi harum sapiente veritatis. Molestiae rerum iste iste a. Commodi eum illum atque nemo. Molestiae maiores asperiores et non voluptate odit sed. Nobis vitae nobis vel. Architecto vero sunt dolores dolorum quam est dolore aliquam.',	'a:13:{i:0;s:17:\"3d_kartinki02.jpg\";i:1;s:12:\"3dwall59.jpg\";i:2;s:12:\"3dwall39.jpg\";i:3;s:17:\"3d_kartinki15.jpg\";i:4;s:17:\"3d_kartinki38.jpg\";i:5;s:17:\"3d_kartinki28.jpg\";i:6;s:17:\"3d_kartinki11.jpg\";i:7;s:12:\"3dwall50.jpg\";i:8;s:17:\"3d_kartinki36.jpg\";i:9;s:17:\"3d_kartinki14.jpg\";i:10;s:12:\"3dwall19.jpg\";i:11;s:12:\"3dwall62.jpg\";i:12;s:12:\"3dwall07.JPG\";}',	29),
(236,	'2019-07-16 03:36:15',	'2019-07-16 03:36:15',	'Porro officia dicta consequatur.',	'Voluptas recusandae officiis odit fuga. Ullam officia qui commodi. Dolorem molestiae veritatis voluptatem ad. Iusto reprehenderit dignissimos accusamus recusandae nostrum quidem optio.',	'a:12:{i:0;s:12:\"3dwall65.jpg\";i:1;s:12:\"3dwall55.JPG\";i:2;s:12:\"3dwall54.jpg\";i:3;s:12:\"3dwall15.JPG\";i:4;s:17:\"3d_kartinki34.jpg\";i:5;s:17:\"3d_kartinki22.jpg\";i:6;s:12:\"3dwall41.jpg\";i:7;s:12:\"3dwall19.jpg\";i:8;s:12:\"3dwall59.jpg\";i:9;s:17:\"3d_kartinki29.jpg\";i:10;s:17:\"3d_kartinki39.jpg\";i:11;s:12:\"3dwall43.jpg\";}',	29),
(237,	'2019-07-16 03:36:15',	'2019-07-16 03:36:15',	'Ullam consectetur pariatur hic.',	'Deleniti voluptas voluptas et soluta quia ut. Est sequi laudantium voluptas aspernatur aut architecto sunt. Voluptas labore quia recusandae nostrum. Quasi corrupti et sapiente veritatis facere.',	'a:4:{i:0;s:17:\"3d_kartinki28.jpg\";i:1;s:17:\"3d_kartinki14.jpg\";i:2;s:12:\"3dwall66.jpg\";i:3;s:17:\"3d_kartinki32.jpg\";}',	29),
(238,	'2019-07-16 03:36:15',	'2019-07-16 03:36:15',	'Magni adipisci maiores eos ea qui voluptatem.',	'Est neque quia rem. Nulla ea praesentium dolores qui est. Et vel corporis quibusdam consequatur saepe. Veritatis quidem error nihil id et et. Quae eos soluta et. Ipsam dicta deserunt sequi nihil nesciunt sit aperiam quas. Nostrum praesentium iusto excepturi amet maiores.',	'a:47:{i:0;s:12:\"3dwall15.JPG\";i:1;s:12:\"3dwall23.jpg\";i:2;s:12:\"3dwall45.jpg\";i:3;s:17:\"3d_kartinki09.jpg\";i:4;s:17:\"3d_kartinki31.jpg\";i:5;s:17:\"3d_kartinki15.jpg\";i:6;s:12:\"3dwall28.jpg\";i:7;s:12:\"3dwall22.jpg\";i:8;s:17:\"3d_kartinki21.jpg\";i:9;s:12:\"3dwall56.jpg\";i:10;s:12:\"3dwall59.jpg\";i:11;s:17:\"3d_kartinki07.jpg\";i:12;s:12:\"3dwall43.jpg\";i:13;s:17:\"3d_kartinki11.jpg\";i:14;s:12:\"3dwall17.JPG\";i:15;s:12:\"3dwall53.jpg\";i:16;s:12:\"3dwall46.jpg\";i:17;s:12:\"3dwall05.jpg\";i:18;s:12:\"3dwall40.jpg\";i:19;s:17:\"3d_kartinki18.jpg\";i:20;s:17:\"3d_kartinki17.jpg\";i:21;s:12:\"3dwall57.jpg\";i:22;s:17:\"3d_kartinki27.jpg\";i:23;s:17:\"3d_kartinki24.jpg\";i:24;s:17:\"3d_kartinki38.jpg\";i:25;s:17:\"3d_kartinki40.jpg\";i:26;s:12:\"3dwall26.jpg\";i:27;s:12:\"3dwall33.jpg\";i:28;s:12:\"3dwall54.jpg\";i:29;s:12:\"3dwall34.jpg\";i:30;s:17:\"3d_kartinki14.jpg\";i:31;s:17:\"3d_kartinki32.jpg\";i:32;s:12:\"3dwall64.jpg\";i:33;s:12:\"3dwall04.jpg\";i:34;s:12:\"3dwall35.jpg\";i:35;s:12:\"3dwall19.jpg\";i:36;s:17:\"3d_kartinki25.jpg\";i:37;s:12:\"3dwall20.jpg\";i:38;s:17:\"3d_kartinki19.jpg\";i:39;s:12:\"3dwall62.jpg\";i:40;s:12:\"3dwall12.JPG\";i:41;s:12:\"3dwall49.jpg\";i:42;s:12:\"3dwall60.jpg\";i:43;s:12:\"3dwall42.jpg\";i:44;s:12:\"3dwall47.jpg\";i:45;s:17:\"3d_kartinki33.jpg\";i:46;s:12:\"3dwall38.jpg\";}',	29),
(239,	'2019-07-16 03:36:15',	'2019-07-16 03:36:15',	'Aspernatur qui ab et rerum ut blanditiis.',	'Accusantium laborum placeat neque ut. Dolorem ab non voluptas magni deleniti aliquid. Laboriosam explicabo quia et quod vitae. Facilis repellat deleniti quaerat officiis eos dolorum sunt. Qui dolore nostrum voluptas laborum quia est necessitatibus.',	'a:10:{i:0;s:12:\"3dwall12.JPG\";i:1;s:12:\"3dwall46.jpg\";i:2;s:12:\"3dwall03.jpg\";i:3;s:17:\"3d_kartinki17.jpg\";i:4;s:17:\"3d_kartinki31.jpg\";i:5;s:17:\"3d_kartinki13.jpg\";i:6;s:12:\"3dwall30.jpg\";i:7;s:17:\"3d_kartinki24.jpg\";i:8;s:17:\"3d_kartinki05.jpg\";i:9;s:12:\"3dwall36.jpg\";}',	29),
(240,	'2019-07-16 03:36:15',	'2019-07-16 03:36:15',	'Pariatur ut et inventore quidem.',	'Recusandae deleniti iure voluptatem totam nihil. Consequatur totam magni quo dolores dolorem architecto. Mollitia voluptas voluptas animi consequuntur ut vel. Doloribus rem iste est nisi nihil et. Corporis ea amet officia nostrum nemo. Eos non dignissimos molestiae. Et repudiandae et ea officiis.',	'a:44:{i:0;s:12:\"3dwall23.jpg\";i:1;s:12:\"3dwall11.JPG\";i:2;s:12:\"3dwall38.jpg\";i:3;s:12:\"3dwall26.jpg\";i:4;s:17:\"3d_kartinki18.jpg\";i:5;s:12:\"3dwall56.jpg\";i:6;s:12:\"3dwall20.jpg\";i:7;s:17:\"3d_kartinki40.jpg\";i:8;s:12:\"3dwall09.JPG\";i:9;s:17:\"3d_kartinki06.jpg\";i:10;s:12:\"3dwall12.JPG\";i:11;s:12:\"3dwall17.JPG\";i:12;s:17:\"3d_kartinki26.jpg\";i:13;s:12:\"3dwall45.jpg\";i:14;s:17:\"3d_kartinki22.jpg\";i:15;s:17:\"3d_kartinki28.jpg\";i:16;s:17:\"3d_kartinki39.jpg\";i:17;s:12:\"3dwall41.jpg\";i:18;s:12:\"3dwall50.jpg\";i:19;s:12:\"3dwall02.jpg\";i:20;s:12:\"3dwall65.jpg\";i:21;s:17:\"3d_kartinki32.jpg\";i:22;s:17:\"3d_kartinki24.jpg\";i:23;s:17:\"3d_kartinki08.jpg\";i:24;s:17:\"3d_kartinki15.jpg\";i:25;s:12:\"3dwall59.jpg\";i:26;s:12:\"3dwall06.jpg\";i:27;s:17:\"3d_kartinki16.jpg\";i:28;s:17:\"3d_kartinki25.jpg\";i:29;s:12:\"3dwall32.jpg\";i:30;s:12:\"3dwall57.jpg\";i:31;s:17:\"3d_kartinki02.jpg\";i:32;s:12:\"3dwall04.jpg\";i:33;s:17:\"3d_kartinki19.jpg\";i:34;s:12:\"3dwall08.JPG\";i:35;s:12:\"3dwall44.jpg\";i:36;s:12:\"3dwall31.jpg\";i:37;s:12:\"3dwall35.jpg\";i:38;s:17:\"3d_kartinki37.jpg\";i:39;s:17:\"3d_kartinki31.jpg\";i:40;s:17:\"3d_kartinki14.jpg\";i:41;s:12:\"3dwall51.jpg\";i:42;s:12:\"3dwall24.jpg\";i:43;s:17:\"3d_kartinki20.jpg\";}',	29),
(241,	'2019-07-16 03:36:15',	'2019-07-16 03:36:15',	'Nobis nam quia libero.',	'Non ut voluptatem culpa impedit officia omnis. Libero excepturi similique sunt modi. Dolores veritatis aut pariatur sequi rem aut officiis. Et et nulla quis omnis consectetur et.',	'a:18:{i:0;s:12:\"3dwall35.jpg\";i:1;s:17:\"3d_kartinki16.jpg\";i:2;s:12:\"3dwall62.jpg\";i:3;s:17:\"3d_kartinki17.jpg\";i:4;s:17:\"3d_kartinki12.jpg\";i:5;s:12:\"3dwall55.JPG\";i:6;s:12:\"3dwall11.JPG\";i:7;s:17:\"3d_kartinki39.jpg\";i:8;s:12:\"3dwall19.jpg\";i:9;s:12:\"3dwall23.jpg\";i:10;s:12:\"3dwall48.jpg\";i:11;s:17:\"3d_kartinki40.jpg\";i:12;s:12:\"3dwall05.jpg\";i:13;s:12:\"3dwall16.JPG\";i:14;s:12:\"3dwall32.jpg\";i:15;s:17:\"3d_kartinki36.jpg\";i:16;s:17:\"3d_kartinki10.jpg\";i:17;s:12:\"3dwall30.jpg\";}',	30),
(242,	'2019-07-16 03:36:15',	'2019-07-16 03:36:15',	'Sit distinctio incidunt quisquam minus.',	'Esse doloremque aliquid perferendis. Qui et iusto sint eaque voluptatibus labore. Ea eum mollitia aut assumenda. Nostrum aut doloribus totam vel optio nesciunt.',	'a:46:{i:0;s:17:\"3d_kartinki20.jpg\";i:1;s:17:\"3d_kartinki22.jpg\";i:2;s:12:\"3dwall50.jpg\";i:3;s:12:\"3dwall37.jpg\";i:4;s:17:\"3d_kartinki39.jpg\";i:5;s:12:\"3dwall24.jpg\";i:6;s:17:\"3d_kartinki27.jpg\";i:7;s:17:\"3d_kartinki31.jpg\";i:8;s:17:\"3d_kartinki14.jpg\";i:9;s:12:\"3dwall35.jpg\";i:10;s:17:\"3d_kartinki23.jpg\";i:11;s:12:\"3dwall48.jpg\";i:12;s:17:\"3d_kartinki07.jpg\";i:13;s:17:\"3d_kartinki09.jpg\";i:14;s:12:\"3dwall33.jpg\";i:15;s:12:\"3dwall60.jpg\";i:16;s:12:\"3dwall32.jpg\";i:17;s:12:\"3dwall13.JPG\";i:18;s:17:\"3d_kartinki38.jpg\";i:19;s:12:\"3dwall18.jpg\";i:20;s:17:\"3d_kartinki15.jpg\";i:21;s:12:\"3dwall66.jpg\";i:22;s:17:\"3d_kartinki02.jpg\";i:23;s:12:\"3dwall11.JPG\";i:24;s:12:\"3dwall51.jpg\";i:25;s:17:\"3d_kartinki16.jpg\";i:26;s:12:\"3dwall23.jpg\";i:27;s:12:\"3dwall25.jpg\";i:28;s:12:\"3dwall02.jpg\";i:29;s:12:\"3dwall49.jpg\";i:30;s:17:\"3d_kartinki12.jpg\";i:31;s:12:\"3dwall30.jpg\";i:32;s:12:\"3dwall07.JPG\";i:33;s:12:\"3dwall62.jpg\";i:34;s:12:\"3dwall59.jpg\";i:35;s:17:\"3d_kartinki06.jpg\";i:36;s:12:\"3dwall31.jpg\";i:37;s:12:\"3dwall01.jpg\";i:38;s:12:\"3dwall55.JPG\";i:39;s:17:\"3d_kartinki24.jpg\";i:40;s:12:\"3dwall03.jpg\";i:41;s:12:\"3dwall58.jpg\";i:42;s:12:\"3dwall36.jpg\";i:43;s:17:\"3d_kartinki01.jpg\";i:44;s:17:\"3d_kartinki32.jpg\";i:45;s:17:\"3d_kartinki04.jpg\";}',	30),
(243,	'2019-07-16 03:36:15',	'2019-07-16 03:36:15',	'Quo inventore architecto et laboriosam suscipit.',	'Id similique voluptas inventore facilis. Voluptatem placeat dolores nihil minima eveniet odio. Harum enim consectetur inventore atque ut libero neque. Maiores veritatis ut velit asperiores.',	'a:43:{i:0;s:17:\"3d_kartinki38.jpg\";i:1;s:12:\"3dwall27.jpg\";i:2;s:17:\"3d_kartinki15.jpg\";i:3;s:12:\"3dwall12.JPG\";i:4;s:12:\"3dwall22.jpg\";i:5;s:12:\"3dwall14.JPG\";i:6;s:17:\"3d_kartinki02.jpg\";i:7;s:17:\"3d_kartinki30.jpg\";i:8;s:12:\"3dwall31.jpg\";i:9;s:17:\"3d_kartinki34.jpg\";i:10;s:12:\"3dwall18.jpg\";i:11;s:12:\"3dwall15.JPG\";i:12;s:17:\"3d_kartinki11.jpg\";i:13;s:17:\"3d_kartinki01.jpg\";i:14;s:12:\"3dwall02.jpg\";i:15;s:12:\"3dwall55.JPG\";i:16;s:12:\"3dwall13.JPG\";i:17;s:12:\"3dwall56.jpg\";i:18;s:12:\"3dwall06.jpg\";i:19;s:17:\"3d_kartinki32.jpg\";i:20;s:12:\"3dwall20.jpg\";i:21;s:12:\"3dwall30.jpg\";i:22;s:12:\"3dwall65.jpg\";i:23;s:12:\"3dwall03.jpg\";i:24;s:17:\"3d_kartinki18.jpg\";i:25;s:12:\"3dwall04.jpg\";i:26;s:12:\"3dwall43.jpg\";i:27;s:12:\"3dwall23.jpg\";i:28;s:12:\"3dwall50.jpg\";i:29;s:17:\"3d_kartinki05.jpg\";i:30;s:17:\"3d_kartinki08.jpg\";i:31;s:17:\"3d_kartinki33.jpg\";i:32;s:17:\"3d_kartinki07.jpg\";i:33;s:17:\"3d_kartinki24.jpg\";i:34;s:17:\"3d_kartinki20.jpg\";i:35;s:12:\"3dwall11.JPG\";i:36;s:17:\"3d_kartinki13.jpg\";i:37;s:12:\"3dwall32.jpg\";i:38;s:12:\"3dwall07.JPG\";i:39;s:12:\"3dwall33.jpg\";i:40;s:17:\"3d_kartinki28.jpg\";i:41;s:12:\"3dwall10.JPG\";i:42;s:17:\"3d_kartinki19.jpg\";}',	30),
(244,	'2019-07-16 03:36:15',	'2019-07-16 03:36:15',	'Eius commodi quaerat minus harum perferendis.',	'Ad est placeat quo. Ad et praesentium repellendus voluptatem. Et odio consequatur eos soluta officia. Dolor sint qui repellat nemo voluptatem asperiores.',	'a:19:{i:0;s:17:\"3d_kartinki28.jpg\";i:1;s:17:\"3d_kartinki16.jpg\";i:2;s:12:\"3dwall11.JPG\";i:3;s:12:\"3dwall49.jpg\";i:4;s:17:\"3d_kartinki29.jpg\";i:5;s:17:\"3d_kartinki12.jpg\";i:6;s:17:\"3d_kartinki32.jpg\";i:7;s:17:\"3d_kartinki22.jpg\";i:8;s:12:\"3dwall36.jpg\";i:9;s:12:\"3dwall16.JPG\";i:10;s:17:\"3d_kartinki20.jpg\";i:11;s:17:\"3d_kartinki25.jpg\";i:12;s:12:\"3dwall33.jpg\";i:13;s:12:\"3dwall03.jpg\";i:14;s:12:\"3dwall19.jpg\";i:15;s:17:\"3d_kartinki33.jpg\";i:16;s:12:\"3dwall54.jpg\";i:17;s:12:\"3dwall58.jpg\";i:18;s:12:\"3dwall32.jpg\";}',	30),
(245,	'2019-07-16 03:36:15',	'2019-07-16 03:36:15',	'Nesciunt earum deserunt beatae.',	'Fugit autem voluptates saepe eos et tempore. Recusandae iste sapiente necessitatibus et corrupti inventore.',	'a:4:{i:0;s:17:\"3d_kartinki23.jpg\";i:1;s:12:\"3dwall34.jpg\";i:2;s:12:\"3dwall39.jpg\";i:3;s:12:\"3dwall25.jpg\";}',	30),
(246,	'2019-07-16 03:36:15',	'2019-07-16 03:36:15',	'Corrupti porro officiis dignissimos autem accusamus quam.',	'Consequuntur dolor repudiandae consequatur consectetur quo. Maiores autem mollitia dignissimos voluptatem deserunt corrupti. Quis temporibus nihil sunt beatae non aut ipsa.',	'a:22:{i:0;s:12:\"3dwall20.jpg\";i:1;s:17:\"3d_kartinki25.jpg\";i:2;s:12:\"3dwall64.jpg\";i:3;s:12:\"3dwall13.JPG\";i:4;s:12:\"3dwall10.JPG\";i:5;s:17:\"3d_kartinki36.jpg\";i:6;s:17:\"3d_kartinki10.jpg\";i:7;s:12:\"3dwall03.jpg\";i:8;s:17:\"3d_kartinki02.jpg\";i:9;s:12:\"3dwall49.jpg\";i:10;s:12:\"3dwall29.jpg\";i:11;s:17:\"3d_kartinki08.jpg\";i:12;s:17:\"3d_kartinki07.jpg\";i:13;s:12:\"3dwall40.jpg\";i:14;s:12:\"3dwall30.jpg\";i:15;s:17:\"3d_kartinki14.jpg\";i:16;s:12:\"3dwall56.jpg\";i:17;s:12:\"3dwall18.jpg\";i:18;s:12:\"3dwall31.jpg\";i:19;s:17:\"3d_kartinki28.jpg\";i:20;s:12:\"3dwall23.jpg\";i:21;s:17:\"3d_kartinki19.jpg\";}',	30),
(247,	'2019-07-16 03:36:15',	'2019-07-16 03:36:15',	'Sint earum quia quia voluptatem.',	'Autem nisi adipisci facilis facilis. Reprehenderit id nihil ratione accusamus eum. Non cupiditate aut et ut quas mollitia animi voluptas. Rerum quo possimus ea distinctio. Laboriosam blanditiis est ut autem eos ut qui. Nam ut provident nemo dolorem.',	'a:13:{i:0;s:17:\"3d_kartinki23.jpg\";i:1;s:17:\"3d_kartinki32.jpg\";i:2;s:12:\"3dwall51.jpg\";i:3;s:12:\"3dwall26.jpg\";i:4;s:12:\"3dwall06.jpg\";i:5;s:17:\"3d_kartinki20.jpg\";i:6;s:17:\"3d_kartinki15.jpg\";i:7;s:12:\"3dwall01.jpg\";i:8;s:17:\"3d_kartinki22.jpg\";i:9;s:17:\"3d_kartinki37.jpg\";i:10;s:17:\"3d_kartinki35.jpg\";i:11;s:12:\"3dwall40.jpg\";i:12;s:12:\"3dwall33.jpg\";}',	30),
(248,	'2019-07-16 03:36:15',	'2019-07-16 03:36:15',	'Et quo qui voluptas omnis rem.',	'Voluptas sed nobis aliquid dignissimos. Voluptates similique labore impedit ut. Placeat natus praesentium delectus accusantium neque. Doloribus est sed aperiam temporibus cupiditate blanditiis.',	'a:2:{i:0;s:12:\"3dwall66.jpg\";i:1;s:12:\"3dwall26.jpg\";}',	30),
(249,	'2019-07-16 03:36:15',	'2019-07-16 03:36:15',	'Cumque praesentium et ea illo libero tempora.',	'Esse voluptatum assumenda et enim veniam. Consequatur vitae dolor cupiditate praesentium. In velit quia explicabo beatae eveniet maiores nemo. Qui est fuga ut veniam. Necessitatibus dicta nam ea dolores. Omnis adipisci nobis quia.',	'a:4:{i:0;s:17:\"3d_kartinki05.jpg\";i:1;s:12:\"3dwall31.jpg\";i:2;s:12:\"3dwall12.JPG\";i:3;s:12:\"3dwall48.jpg\";}',	30),
(250,	'2019-07-16 03:36:15',	'2019-07-16 03:36:15',	'Praesentium minima beatae sed ut.',	'Qui ab reprehenderit recusandae repellendus blanditiis sed. Corrupti aut quia et blanditiis. Accusamus perspiciatis qui hic dolor deleniti libero quisquam. Amet delectus eos iusto. Voluptatem incidunt voluptas non minima laborum. Voluptatem rem veniam maiores perspiciatis est.',	'a:40:{i:0;s:17:\"3d_kartinki34.jpg\";i:1;s:17:\"3d_kartinki19.jpg\";i:2;s:12:\"3dwall62.jpg\";i:3;s:17:\"3d_kartinki36.jpg\";i:4;s:12:\"3dwall27.jpg\";i:5;s:17:\"3d_kartinki38.jpg\";i:6;s:17:\"3d_kartinki10.jpg\";i:7;s:12:\"3dwall04.jpg\";i:8;s:12:\"3dwall57.jpg\";i:9;s:12:\"3dwall20.jpg\";i:10;s:12:\"3dwall09.JPG\";i:11;s:12:\"3dwall55.JPG\";i:12;s:12:\"3dwall34.jpg\";i:13;s:12:\"3dwall15.JPG\";i:14;s:12:\"3dwall26.jpg\";i:15;s:17:\"3d_kartinki28.jpg\";i:16;s:12:\"3dwall37.jpg\";i:17;s:17:\"3d_kartinki01.jpg\";i:18;s:17:\"3d_kartinki17.jpg\";i:19;s:17:\"3d_kartinki20.jpg\";i:20;s:12:\"3dwall23.jpg\";i:21;s:17:\"3d_kartinki24.jpg\";i:22;s:17:\"3d_kartinki23.jpg\";i:23;s:12:\"3dwall12.JPG\";i:24;s:12:\"3dwall46.jpg\";i:25;s:12:\"3dwall58.jpg\";i:26;s:12:\"3dwall48.jpg\";i:27;s:17:\"3d_kartinki09.jpg\";i:28;s:12:\"3dwall24.jpg\";i:29;s:12:\"3dwall33.jpg\";i:30;s:17:\"3d_kartinki21.jpg\";i:31;s:12:\"3dwall53.jpg\";i:32;s:12:\"3dwall16.JPG\";i:33;s:17:\"3d_kartinki16.jpg\";i:34;s:17:\"3d_kartinki37.jpg\";i:35;s:12:\"3dwall35.jpg\";i:36;s:12:\"3dwall49.jpg\";i:37;s:17:\"3d_kartinki40.jpg\";i:38;s:12:\"3dwall21.jpg\";i:39;s:17:\"3d_kartinki32.jpg\";}',	30);

DROP TABLE IF EXISTS `users`;
CREATE TABLE `users` (
  `id` bigint(20) unsigned NOT NULL AUTO_INCREMENT,
  `name` varchar(191) COLLATE utf8mb4_unicode_ci NOT NULL,
  `email` varchar(191) COLLATE utf8mb4_unicode_ci NOT NULL,
  `email_verified_at` timestamp NULL DEFAULT NULL,
  `password` varchar(191) COLLATE utf8mb4_unicode_ci NOT NULL,
  `remember_token` varchar(100) COLLATE utf8mb4_unicode_ci DEFAULT NULL,
  `created_at` timestamp NULL DEFAULT NULL,
  `updated_at` timestamp NULL DEFAULT NULL,
  PRIMARY KEY (`id`),
  UNIQUE KEY `users_email_unique` (`email`)
) ENGINE=InnoDB DEFAULT CHARSET=utf8mb4 COLLATE=utf8mb4_unicode_ci;

INSERT INTO `users` (`id`, `name`, `email`, `email_verified_at`, `password`, `remember_token`, `created_at`, `updated_at`) VALUES
(26,	'Dean Cormier',	'phuels@example.net',	'2019-07-16 03:36:13',	'$2y$10$92IXUNpkjO0rOQ5byMi.Ye4oKoEa3Ro9llC/.og/at2.uheWG/igi',	'W0t6tXL3bc',	'2019-07-16 03:36:13',	'2019-07-16 03:36:13'),
(27,	'Kelley Lynch',	'xbednar@example.org',	'2019-07-16 03:36:13',	'$2y$10$92IXUNpkjO0rOQ5byMi.Ye4oKoEa3Ro9llC/.og/at2.uheWG/igi',	'J8A36lBP7w',	'2019-07-16 03:36:13',	'2019-07-16 03:36:13'),
(28,	'Kyler Cruickshank',	'qkassulke@example.net',	'2019-07-16 03:36:13',	'$2y$10$92IXUNpkjO0rOQ5byMi.Ye4oKoEa3Ro9llC/.og/at2.uheWG/igi',	'ti9Jub38tU',	'2019-07-16 03:36:13',	'2019-07-16 03:36:13'),
(29,	'Friedrich Heaney',	'ewyman@example.com',	'2019-07-16 03:36:13',	'$2y$10$92IXUNpkjO0rOQ5byMi.Ye4oKoEa3Ro9llC/.og/at2.uheWG/igi',	'mWuCtTJLYK',	'2019-07-16 03:36:13',	'2019-07-16 03:36:13'),
(30,	'Mr. Immanuel Gleason Jr.',	'sandy96@example.net',	'2019-07-16 03:36:13',	'$2y$10$92IXUNpkjO0rOQ5byMi.Ye4oKoEa3Ro9llC/.og/at2.uheWG/igi',	'SaKjyNx77j',	'2019-07-16 03:36:13',	'2019-07-16 03:36:13');

-- 2019-07-16 06:37:14
